Travel,It's Only the Himalayas,45.17,Two,In stock
Travel,Full Moon over Noahâs ...,49.43,Four,In stock
Travel,See America: A Celebration ...,48.87,Three,In stock
Travel,Vagabonding: An Uncommon Guide ...,36.94,Two,In stock
Travel,Under the Tuscan Sun,37.33,Three,In stock
Travel,A Summer In Europe,44.34,Two,In stock
Travel,The Great Railway Bazaar,30.54,One,In stock
Travel,A Year in Provence ...,56.88,Four,In stock
Travel,The Road to Little ...,23.21,One,In stock
Travel,Neither Here nor There: ...,38.95,Three,In stock
Travel,"1,000 Places to See ...",26.08,Five,In stock
Mystery,Sharp Objects,47.82,Four,In stock
Mystery,"In a Dark, Dark ...",19.63,One,In stock
Mystery,The Past Never Ends,56.50,Four,In stock
Mystery,A Murder in Time,16.64,One,In stock
Mystery,The Murder of Roger ...,44.10,Four,In stock
Mystery,The Last Mile (Amos ...,54.21,Two,In stock
Mystery,That Darkness (Gardiner and ...,13.92,One,In stock
Mystery,Tastes Like Fear (DI ...,10.69,One,In stock
Mystery,A Time of Torment ...,48.35,Five,In stock
Mystery,A Study in Scarlet ...,16.73,Two,In stock
Mystery,Poisonous (Max Revere Novels ...,26.80,Three,In stock
Mystery,Murder at the 42nd ...,54.36,Four,In stock
Mystery,Most Wanted,35.28,Three,In stock
Mystery,Hide Away (Eve Duncan ...,11.84,One,In stock
Mystery,Boar Island (Anna Pigeon ...,59.48,Three,In stock
Mystery,The Widow,27.26,Two,In stock
Mystery,Playing with Fire,13.71,Three,In stock
Mystery,What Happened on Beale ...,25.37,Five,In stock
Mystery,The Bachelor Girl's Guide ...,52.30,Five,In stock
Mystery,Delivering the Truth (Quaker ...,20.89,Four,In stock
Historical Fiction,Tipping the Velvet,53.74,One,In stock
Historical Fiction,Forever and Forever: The ...,29.69,Three,In stock
Historical Fiction,A Flight of Arrows ...,55.53,Five,In stock
Historical Fiction,The House by the ...,36.95,One,In stock
Historical Fiction,Mrs. Houdini,30.25,Five,In stock
Historical Fiction,The Marriage of Opposites,28.08,Four,In stock
Historical Fiction,Glory over Everything: Beyond ...,45.84,Three,In stock
Historical Fiction,"Love, Lies and Spies",20.55,Two,In stock
Historical Fiction,A Paris Apartment,39.01,Four,In stock
Historical Fiction,Lilac Girls,17.28,Two,In stock
Historical Fiction,The Constant Princess (The ...,16.62,Three,In stock
Historical Fiction,The Invention of Wings,37.34,One,In stock
Historical Fiction,World Without End (The ...,32.97,Four,In stock
Historical Fiction,The Passion of Dolssa,28.32,Five,In stock
Historical Fiction,Girl With a Pearl ...,26.77,One,In stock
Historical Fiction,Voyager (Outlander #3),21.07,Five,In stock
Historical Fiction,The Red Tent,35.66,Five,In stock
Historical Fiction,The Last Painting of ...,55.55,Two,In stock
Historical Fiction,The Guernsey Literary and ...,49.53,One,In stock
Historical Fiction,Girl in the Blue ...,46.83,Two,In stock
Sequential Art,Scott Pilgrim's Precious Little ...,52.29,Five,In stock
Sequential Art,Tsubasa: WoRLD CHRoNiCLE 2 ...,16.28,One,In stock
Sequential Art,This One Summer,19.49,Four,In stock
Sequential Art,The Nameless City (The ...,38.16,Four,In stock
Sequential Art,"Saga, Volume 5 (Saga ...",51.04,Two,In stock
Sequential Art,"Rat Queens, Vol. 3: ...",50.40,Three,In stock
Sequential Art,"Princess Jellyfish 2-in-1 Omnibus, ...",13.61,Five,In stock
Sequential Art,"Pop Gun War, Volume ...",18.97,One,In stock
Sequential Art,Patience,10.16,Three,In stock
Sequential Art,"Outcast, Vol. 1: A ...",15.44,Four,In stock
Sequential Art,orange: The Complete Collection ...,48.41,One,In stock
Sequential Art,"Lumberjanes, Vol. 2: Friendship ...",46.91,Two,In stock
Sequential Art,"Lumberjanes, Vol. 1: Beware ...",45.61,Three,In stock
Sequential Art,Lumberjanes Vol. 3: A ...,19.92,Two,In stock
Sequential Art,"I Hate Fairyland, Vol. ...",29.17,Two,In stock
Sequential Art,I am a Hero ...,54.63,Three,In stock
Sequential Art,"Giant Days, Vol. 2 ...",22.11,Two,In stock
Sequential Art,Danganronpa Volume 1,51.99,Four,In stock
Sequential Art,"Codename Baboushka, Volume 1: ...",36.72,Four,In stock
Sequential Art,Camp Midnight,17.08,Four,In stock
Classics,The Secret Garden,15.08,Four,In stock
Classics,The Metamorphosis,28.58,One,In stock
Classics,The Pilgrim's Progress,50.26,Two,In stock
Classics,The Hound of the ...,14.82,Two,In stock
Classics,Little Women (Little Women ...,28.07,Four,In stock
Classics,Gone with the Wind,32.49,Three,In stock
Classics,Candide,58.63,Three,In stock
Classics,Animal Farm,57.22,Three,In stock
Classics,Wuthering Heights,17.73,Three,In stock
Classics,The Picture of Dorian ...,29.70,Two,In stock
Classics,The Complete Stories and ...,26.78,Four,In stock
Classics,Beowulf,38.35,Two,In stock
Classics,And Then There Were ...,35.01,Two,In stock
Classics,The Story of Hong ...,43.19,Four,In stock
Classics,The Little Prince,45.42,Two,In stock
Classics,Sense and Sensibility,37.46,One,In stock
Classics,Of Mice and Men,47.11,Two,In stock
Classics,Emma,32.93,Two,In stock
Classics,Alice in Wonderland (Alice's ...,55.53,One,In stock
Philosophy,Sophie's World,15.94,Five,In stock
Philosophy,The Death of Humanity: ...,58.11,Four,In stock
Philosophy,The Stranger,17.44,Four,In stock
Philosophy,Proofs of God: Classical ...,54.21,One,In stock
Philosophy,Kierkegaard: A Christian Missionary ...,47.13,One,In stock
Philosophy,At The Existentialist CafÃ©: ...,29.93,Five,In stock
Philosophy,Critique of Pure Reason,20.75,One,In stock
Philosophy,"Run, Spot, Run: The ...",20.02,One,In stock
Philosophy,The Nicomachean Ethics,36.34,One,In stock
Philosophy,Meditations,25.89,Two,In stock
Philosophy,Beyond Good and Evil,43.38,One,In stock
Romance,Chase Me (Paris Nights ...,25.27,Five,In stock
Romance,Black Dust,34.53,Five,In stock
Romance,Her Backup Boyfriend (The ...,33.97,One,In stock
Romance,First and First (Five ...,15.97,Four,In stock
Romance,Fifty Shades Darker (Fifty ...,21.96,One,In stock
Romance,The Wedding Dress,24.12,One,In stock
Romance,Suddenly in Love (Lake ...,55.99,Two,In stock
Romance,Something More Than This,16.24,Four,In stock
Romance,Doing It Over (Most ...,35.61,Three,In stock
Romance,The Wedding Pact (The ...,32.61,Three,In stock
Romance,Hold Your Breath (Search ...,28.82,One,In stock
Romance,Dirty (Dive Bar #1),40.83,Four,In stock
Romance,Take Me Home Tonight ...,53.98,Three,In stock
Romance,Off the Hook (Fishing ...,47.67,Three,In stock
Romance,A Gentleman's Position (Society ...,14.75,Five,In stock
Romance,"Sit, Stay, Love",20.90,Three,In stock
Romance,A Girl's Guide to ...,31.30,One,In stock
Romance,The Perfect Play (Play ...,59.99,Three,In stock
Romance,Dark Lover (Black Dagger ...,12.87,One,In stock
Romance,Changing the Game (Play ...,13.38,Three,In stock
Womens Fiction,I Had a Nice ...,57.36,Four,In stock
Womens Fiction,Will You Won't You ...,13.86,Three,In stock
Womens Fiction,Keep Me Posted,20.46,Four,In stock
Womens Fiction,Grey (Fifty Shades #4),48.49,Four,In stock
Womens Fiction,Meternity,43.58,Three,In stock
Womens Fiction,Some Women,13.73,Five,In stock
Womens Fiction,Shopaholic Ties the Knot ...,48.39,Five,In stock
Womens Fiction,Can You Keep a ...,21.94,One,In stock
Womens Fiction,Twenties Girl,42.80,Two,In stock
Womens Fiction,The Undomestic Goddess,45.75,Four,In stock
Womens Fiction,The Nanny Diaries (Nanny ...,52.53,Five,In stock
Womens Fiction,The Devil Wears Prada ...,44.29,One,In stock
Womens Fiction,Something Borrowed (Darcy & ...,48.96,Five,In stock
Womens Fiction,Something Blue (Darcy & ...,54.62,One,In stock
Womens Fiction,I've Got Your Number,19.69,One,In stock
Womens Fiction,The Edge of Reason ...,19.18,Four,In stock
Womens Fiction,Bridget Jones's Diary (Bridget ...,29.82,One,In stock
Fiction,Soumission,50.10,One,In stock
Fiction,Private Paris (Private #10),47.61,Five,In stock
Fiction,"We Love You, Charlie ...",50.27,Five,In stock
Fiction,Thirst,17.27,Five,In stock
Fiction,The Murder That Never ...,54.11,Three,In stock
Fiction,Tuesday Nights in 1980,21.04,Two,In stock
Fiction,The Vacationers,42.15,Four,In stock
Fiction,The Regional Office Is ...,51.36,Five,In stock
Fiction,Finders Keepers (Bill Hodges ...,53.53,Five,In stock
Fiction,The Time Keeper,27.88,Five,In stock
Fiction,The Testament of Mary,52.67,Four,In stock
Fiction,The First Hostage (J.B. ...,25.85,Three,In stock
Fiction,Take Me with You,45.21,Three,In stock
Fiction,Still Life with Bread ...,26.41,Three,In stock
Fiction,Shtum,55.84,Four,In stock
Fiction,My Name Is Lucy ...,41.56,One,In stock
Fiction,My Mrs. Brown,24.48,Three,In stock
Fiction,Mr. Mercedes (Bill Hodges ...,28.90,One,In stock
Fiction,I Am Pilgrim (Pilgrim ...,10.60,Four,In stock
Fiction,Eligible (The Austen Project ...,27.09,Three,In stock
Childrens,Birdsong: A Story in ...,54.64,Three,In stock
Childrens,The Bear and the ...,36.89,One,In stock
Childrens,The Secret of Dreadwillow ...,56.13,One,In stock
Childrens,The White Cat and ...,58.08,Four,In stock
Childrens,Little Red,13.47,Three,In stock
Childrens,Walt Disney's Alice in ...,12.96,Five,In stock
Childrens,Twenty Yawns,22.08,Two,In stock
Childrens,Rain Fish,23.57,Three,In stock
Childrens,Once Was a Time,18.28,Two,In stock
Childrens,Luis Paints the World,53.95,Three,In stock
Childrens,Nap-a-Roo,25.08,One,In stock
Childrens,The Whale,35.96,Four,In stock
Childrens,"Shrunken Treasures: Literary Classics, ...",52.87,Three,In stock
Childrens,Raymie Nightingale,34.41,Two,In stock
Childrens,Playing from the Heart,32.38,One,In stock
Childrens,Maybe Something Beautiful: How ...,22.54,One,In stock
Childrens,The Wild Robot,56.07,Three,In stock
Childrens,The Thing About Jellyfish,48.77,One,In stock
Childrens,The Lonely Ones,43.59,Five,In stock
Childrens,The Day the Crayons ...,26.33,Five,In stock
Religion,Don't Be a Jerk: ...,37.97,Two,In stock
Religion,You Are What You ...,21.87,Four,In stock
Religion,God: The Most Unpleasant ...,30.03,Five,In stock
Religion,The Book of Mormon,24.57,Three,In stock
Religion,A History of God: ...,27.62,One,In stock
Religion,The Bhagavad Gita,57.49,Three,In stock
Religion,Choosing Our Religion: The ...,28.42,Four,In stock
Nonfiction,Worlds Elsewhere: Journeys Around ...,40.30,Five,In stock
Nonfiction,The Five Love Languages: ...,31.05,Three,In stock
Nonfiction,Reasons to Stay Alive,26.41,Two,In stock
Nonfiction,#HigherSelfie: Wake Up Your ...,23.11,Five,In stock
Nonfiction,Unseen City: The Majesty ...,44.18,Four,In stock
Nonfiction,Throwing Rocks at the ...,31.12,Three,In stock
Nonfiction,The Life-Changing Magic of ...,16.77,Three,In stock
Nonfiction,The Gutsy Girl: Escapades ...,37.13,One,In stock
Nonfiction,The Electric Pencil: Drawings ...,56.06,One,In stock
Nonfiction,Spark Joy: An Illustrated ...,41.83,Four,In stock
Nonfiction,Reskilling America: Learning to ...,19.83,Two,In stock
Nonfiction,In the Country We ...,22.00,Four,In stock
Nonfiction,Everydata: The Misinformation Hidden ...,54.35,Two,In stock
Nonfiction,Call the Nurse: True ...,29.14,Five,In stock
Nonfiction,Algorithms to Live By: ...,30.81,One,In stock
Nonfiction,The Power of Now: ...,43.54,Two,In stock
Nonfiction,The Omnivore's Dilemma: A ...,38.21,Two,In stock
Nonfiction,The Genius of Birds,17.24,One,In stock
Nonfiction,The Artist's Way: A ...,38.49,Five,In stock
Nonfiction,So You've Been Publicly ...,12.23,Two,In stock
Music,Rip it Up and ...,35.02,Five,In stock
Music,Our Band Could Be ...,57.25,Three,In stock
Music,How Music Works,37.32,Two,In stock
Music,Love Is a Mix ...,18.03,One,In stock
Music,Please Kill Me: The ...,31.19,Four,In stock
Music,Kill 'Em and Leave: ...,45.05,Five,In stock
Music,"Chronicles, Vol. 1",52.60,Two,In stock
Music,This Is Your Brain ...,38.40,One,In stock
Music,Orchestra of Exiles: The ...,12.36,Three,In stock
Music,No One Here Gets ...,20.02,Five,In stock
Music,Life,31.58,Five,In stock
Music,Old Records Never Die: ...,55.66,Two,In stock
Music,Forever Rockers (The Rocker ...,28.80,Three,In stock
Default,The Coming Woman: A ...,17.93,Three,In stock
Default,The Boys in the ...,22.60,Four,In stock
Default,Starving Hearts (Triangular Trade ...,13.99,Two,In stock
Default,America's Cradle of Quarterbacks: ...,22.50,Three,In stock
Default,Aladdin and His Wonderful ...,53.13,Three,In stock
Default,Penny Maybe,33.29,Three,In stock
Default,Maude (1883-1993):She Grew Up ...,18.02,Two,In stock
Default,The Inefficiency Assassin: Time ...,20.59,Five,In stock
Default,Soul Reader,39.58,Two,In stock
Default,Bossypants,49.46,Two,In stock
Default,A World of Flavor: ...,42.95,One,In stock
Default,"A Piece of Sky, ...",56.76,Five,In stock
Default,Tracing Numbers on a ...,41.60,Three,In stock
Default,Thirteen Reasons Why,52.72,One,In stock
Default,The Secret (The Secret ...,27.37,Four,In stock
Default,The Psychopath Test: A ...,36.00,Two,In stock
Default,The Kite Runner,41.82,Four,In stock
Default,The Girl on the ...,55.02,Two,In stock
Default,The Emerald Mystery,23.15,Two,In stock
Default,The Bridge to Consciousness: ...,32.00,Three,In stock
Science Fiction,Mesaerion: The Best Science ...,37.59,One,In stock
Science Fiction,Join,35.67,Five,In stock
Science Fiction,William Shakespeare's Star Wars: ...,43.30,Four,In stock
Science Fiction,The Project,10.65,One,In stock
Science Fiction,Soft Apocalypse,26.12,Two,In stock
Science Fiction,Sleeping Giants (Themis Files ...,48.74,One,In stock
Science Fiction,Arena,21.36,Four,In stock
Science Fiction,Foundation (Foundation (Publication Order) ...,32.42,One,In stock
Science Fiction,The Restaurant at the ...,10.92,One,In stock
Science Fiction,Ready Player One,19.07,Four,In stock
Science Fiction,"Life, the Universe and ...",33.26,Two,In stock
Science Fiction,Dune (Dune #1),54.86,One,In stock
Science Fiction,Do Androids Dream of ...,51.48,One,In stock
Science Fiction,Three Wishes (River of ...,44.18,Two,In stock
Science Fiction,The Last Girl (The ...,36.26,Two,In stock
Science Fiction,Having the Barbarian's Baby ...,34.96,Four,In stock
Sports and Games,The Book of Basketball: ...,44.84,Five,In stock
Sports and Games,Friday Night Lights: A ...,51.22,Three,In stock
Sports and Games,Sugar Rush (Offensive Line ...,24.42,One,In stock
Sports and Games,Settling the Score (The ...,44.91,Two,In stock
Sports and Games,Icing (Aces Hockey #2),40.44,Four,In stock
Add a comment,The Torch Is Passed: ...,19.09,One,In stock
Add a comment,The Mindfulness and Acceptance ...,23.89,Four,In stock
Add a comment,The Art Forger,40.76,Three,In stock
Add a comment,On a Midnight Clear,14.07,Three,In stock
Add a comment,Judo: Seven Steps to ...,53.90,Two,In stock
Add a comment,"Shobu Samurai, Project Aryoku ...",29.06,Three,In stock
Add a comment,Modern Romance,28.26,Five,In stock
Add a comment,The White Queen (The ...,25.91,Five,In stock
Add a comment,The Song of Achilles,37.40,Five,In stock
Add a comment,The Immortal Life of ...,40.67,Two,In stock
Add a comment,The Dovekeepers,48.78,One,In stock
Add a comment,More Than Music (Chasing ...,37.61,Two,In stock
Add a comment,Code Name Verity (Code ...,22.13,Four,In stock
Add a comment,Cell,20.29,Four,In stock
Add a comment,Angels Walking (Angels Walking ...,34.20,Two,In stock
Add a comment,A Series of Catastrophes ...,56.48,Two,In stock
Add a comment,A People's History of ...,40.79,Two,In stock
Add a comment,A Brush of Wings ...,55.51,One,In stock
Add a comment,Rook,37.86,Four,In stock
Add a comment,The Midnight Watch: A ...,26.20,One,In stock
Fantasy,Unicorn Tracks,18.78,Three,In stock
Fantasy,"Saga, Volume 6 (Saga ...",25.02,Three,In stock
Fantasy,Princess Between Worlds (Wide-Awake ...,13.34,Five,In stock
Fantasy,Masks and Shadows,56.40,Two,In stock
Fantasy,Crown of Midnight (Throne ...,43.29,Three,In stock
Fantasy,Avatar: The Last Airbender: ...,28.09,Two,In stock
Fantasy,A Court of Thorns ...,52.37,One,In stock
Fantasy,Throne of Glass (Throne ...,35.07,Three,In stock
Fantasy,The Glittering Court (The ...,44.28,One,In stock
Fantasy,Hollow City (Miss Peregrineâs ...,42.98,One,In stock
Fantasy,The Star-Touched Queen,46.02,Five,In stock
Fantasy,The Hidden Oracle (The ...,52.26,Two,In stock
Fantasy,The Bane Chronicles (The ...,44.73,Four,In stock
Fantasy,Island of Dragons (Unwanteds ...,29.65,One,In stock
Fantasy,Demigods & Magicians: Percy ...,37.51,Five,In stock
Fantasy,City of Glass (The ...,56.02,Four,In stock
Fantasy,Searching for Meaning in ...,38.73,One,In stock
Fantasy,The Star-Touched Queen,32.30,Five,In stock
Fantasy,A Shard of Ice ...,56.63,Three,In stock
Fantasy,King's Folly (The Kinsman ...,39.61,Five,In stock
New Adult,Without Borders (Wanderlove #1),45.07,Two,In stock
New Adult,The Mistake (Off-Campus #2),43.29,Three,In stock
New Adult,The Matchmaker's Playbook (Wingmen ...,55.85,One,In stock
New Adult,The Hook Up (Game ...,36.29,Five,In stock
New Adult,Shameless,58.35,Three,In stock
New Adult,Off Sides (Off #1),39.45,Five,In stock
Young Adult,The Requiem Red,22.65,One,In stock
Young Adult,Set Me Free,17.46,Five,In stock
Young Adult,The Natural History of ...,45.22,Three,In stock
Young Adult,Obsidian (Lux #1),14.86,Two,In stock
Young Adult,Burning,28.81,Three,In stock
Young Adult,A Fierce and Subtle ...,28.13,Four,In stock
Young Adult,Scarlett Epstein Hates It ...,43.55,Five,In stock
Young Adult,"Nightingale, Sing",38.28,One,In stock
Young Adult,Library of Souls (Miss ...,48.56,Five,In stock
Young Adult,Frostbite (Vampire Academy #2),29.99,Five,In stock
Young Adult,Wild Swans,14.36,Two,In stock
Young Adult,Until Friday Night (The ...,46.31,Two,In stock
Young Adult,This Is Where It ...,27.12,Two,In stock
Young Adult,The Darkest Lie,35.35,Five,In stock
Young Adult,My Kind of Crazy,40.36,One,In stock
Young Adult,Don't Get Caught,55.35,One,In stock
Young Adult,Catching Jordan (Hundred Oaks),50.83,Three,In stock
Young Adult,Aristotle and Dante Discover ...,58.14,Four,In stock
Young Adult,The Epidemic (The Program ...,14.44,Five,In stock
Young Adult,Stars Above (The Lunar ...,48.05,Two,In stock
Science,The Most Perfect Thing: ...,42.96,Four,In stock
Science,Immunity: How Elie Metchnikoff ...,57.36,Five,In stock
Science,Sorting the Beef from ...,44.74,Four,In stock
Science,Tipping Point for Planet ...,37.55,One,In stock
Science,The Fabric of the ...,55.91,One,In stock
Science,Diary of a Citizen ...,28.41,One,In stock
Science,The Origin of Species,10.01,Four,In stock
Science,The Grand Design,13.76,Three,In stock
Science,Peak: Secrets from the ...,16.28,Two,In stock
Science,"The Elegant Universe: Superstrings, ...",13.03,Four,In stock
Science,The Disappearing Spoon: And ...,57.35,Five,In stock
Science,"Surely You're Joking, Mr. ...",25.83,Two,In stock
Science,Seven Brief Lessons on ...,30.60,Four,In stock
Science,The Selfish Gene,29.45,One,In stock
Poetry,A Light in the ...,51.77,Three,In stock
Poetry,The Black Maria,52.15,One,In stock
Poetry,Shakespeare's Sonnets,20.66,Four,In stock
Poetry,Olio,23.88,One,In stock
Poetry,You can't bury them ...,33.63,Two,In stock
Poetry,Slow States of Collapse: ...,57.31,Three,In stock
Poetry,Untitled Collection: Sabbath Poems ...,14.27,Four,In stock
Poetry,Poems That Make Grown ...,14.19,Four,In stock
Poetry,Night Sky with Exit ...,41.05,One,In stock
Poetry,salt.,46.78,Four,In stock
Poetry,Quarter Life Poetry: Poems ...,50.89,Five,In stock
Poetry,Out of Print: City ...,53.64,Five,In stock
Poetry,Les Fleurs du Mal,29.04,Five,In stock
Poetry,Howl and Other Poems,40.45,Two,In stock
Poetry,Leave This Song Behind: ...,51.17,Five,In stock
Poetry,The Collected Poems of ...,15.42,Five,In stock
Poetry,The Crossover,38.77,Four,In stock
Poetry,Booked,17.49,Five,In stock
Poetry,Twenty Love Poems and ...,30.95,Four,In stock
Paranormal,"Vampire Knight, Vol. 1 ...",15.40,One,In stock
Art,Wall and Piece,44.18,Four,In stock
Art,Feathers: Displays of Brilliant ...,49.05,Three,In stock
Art,Art and Fear: Observations ...,48.63,Four,In stock
Art,The New Drawing on ...,43.02,Three,In stock
Art,History of Beauty,10.29,Four,In stock
Art,The Story of Art,41.14,Four,In stock
Art,The Art Book,32.34,Two,In stock
Art,Ways of Seeing,39.51,Five,In stock
Psychology,The Lucifer Effect: Understanding ...,10.40,One,In stock
Psychology,The Golden Condom: And ...,39.43,One,In stock
Psychology,It Didn't Start with ...,56.27,Three,In stock
Psychology,An Unquiet Mind: A ...,21.30,Three,In stock
Psychology,"Thinking, Fast and Slow",21.14,One,In stock
Psychology,Civilization and Its Discontents,59.95,Two,In stock
Psychology,8 Keys to Mental ...,31.04,One,In stock
Autobiography,The Argonauts,10.93,Two,In stock
Autobiography,M Train,27.18,One,In stock
Autobiography,Lab Girl,40.85,One,In stock
Autobiography,Approval Junkie: Adventures in ...,58.81,Five,In stock
Autobiography,Running with Scissors,12.91,Four,In stock
Autobiography,Me Talk Pretty One ...,57.60,Two,In stock
Autobiography,Lust & Wonder,11.87,Two,In stock
Autobiography,Life Without a Recipe,59.04,Five,In stock
Autobiography,A Heartbreaking Work of ...,54.29,Five,In stock
Parenting,Catastrophic Happiness: Finding Joy ...,37.35,Two,In stock
Adult Fiction,Fifty Shades Freed (Fifty ...,15.36,Five,In stock
Humor,The Long Haul (Diary ...,44.07,One,In stock
Humor,Old School (Diary of ...,11.83,Five,In stock
Humor,I Know What I'm ...,25.98,Four,In stock
Humor,Hyperbole and a Half: ...,14.75,Five,In stock
Humor,Dress Your Family in ...,43.68,Three,In stock
Humor,Toddlers Are A**holes: It's ...,25.55,One,In stock
Humor,When You Are Engulfed ...,30.89,Five,In stock
Humor,Naked,31.69,Three,In stock
Humor,Lamb: The Gospel According ...,55.50,Five,In stock
Humor,Holidays on Ice,51.07,Two,In stock
Horror,Security,39.25,Two,In stock
Horror,Follow You Home,21.36,One,In stock
Horror,The Loney,23.40,One,In stock
Horror,Pet Sematary,10.56,Three,In stock
Horror,Doctor Sleep (The Shining ...,40.12,Two,In stock
Horror,Psycho: Sanitarium (Psycho #1.5),36.97,Five,In stock
Horror,Can You Keep a ...,48.64,One,In stock
Horror,Red Dragon (Hannibal Lecter ...,23.37,Three,In stock
Horror,Dracula the Un-Dead,35.63,Five,In stock
Horror,Night Shift (Night Shift ...,12.75,Four,In stock
Horror,Needful Things,47.51,Four,In stock
Horror,Misery,34.79,Two,In stock
Horror,It,25.01,Three,In stock
Horror,'Salem's Lot,49.56,Four,In stock
Horror,The Stand,57.86,Two,In stock
Horror,The Girl with All ...,49.47,Three,In stock
Horror,House of Leaves,54.89,One,In stock
History,Sapiens: A Brief History ...,54.23,Five,In stock
History,Unbound: How Eight Technologies ...,25.52,One,In stock
History,The Age of Genius: ...,19.73,One,In stock
History,"Political Suicide: Missteps, Peccadilloes, ...",36.28,Two,In stock
History,Thomas Jefferson and the ...,59.64,One,In stock
History,Zealot: The Life and ...,24.70,Three,In stock
History,A Distant Mirror: The ...,14.58,Three,In stock
History,1491: New Revelations of ...,21.80,Three,In stock
History,Brilliant Beacons: A History ...,11.45,Three,In stock
History,"""Most Blessed of the ...",44.48,Five,In stock
History,A Short History of ...,52.40,Five,In stock
History,The Rise and Fall ...,39.67,Two,In stock
History,Catherine the Great: Portrait ...,58.55,Four,In stock
History,The Mathews Men: Seven ...,42.91,Five,In stock
History,The Hiding Place,55.91,Four,In stock
History,America's War for the ...,51.22,Two,In stock
History,The Guns of August,14.54,Two,In stock
History,House of Lost Worlds: ...,43.70,Two,In stock
Food and Drink,Foolproof Preserving: A Guide ...,30.52,Three,In stock
Food and Drink,The Pioneer Woman Cooks: ...,56.41,One,In stock
Food and Drink,My Paris Kitchen: Recipes ...,33.37,Two,In stock
Food and Drink,Mama Tried: Traditional Italian ...,14.02,Four,In stock
Food and Drink,"Layered: Baking, Building, and ...",40.11,One,In stock
Food and Drink,The Nerdy Nummies Cookbook: ...,37.34,Five,In stock
Food and Drink,The Love and Lemons ...,37.60,Two,In stock
Food and Drink,The Cookies & Cups ...,41.25,One,In stock
Food and Drink,Deliciously Ella Every Day: ...,42.16,Three,In stock
Food and Drink,The Help Yourself Cookbook ...,28.77,Three,In stock
Food and Drink,"It's All Easy: Healthy, ...",19.55,One,In stock
Food and Drink,Barefoot Contessa Back to ...,28.01,One,In stock
Food and Drink,Barefoot Contessa at Home: ...,50.62,Five,In stock
Food and Drink,My Kitchen Year: 136 ...,11.53,Two,In stock
Food and Drink,Everyday Italian: 125 Simple ...,20.10,Five,In stock
Food and Drink,A la Mode: 120 ...,38.77,One,In stock
Food and Drink,Cravings: Recipes for What ...,20.50,Three,In stock
Food and Drink,The Moosewood Cookbook: Recipes ...,12.34,Four,In stock
Food and Drink,32 Yolks,53.63,Two,In stock
Food and Drink,Naturally Lean: 125 Nourishing ...,11.38,Five,In stock
Christian Fiction,Redeeming Love,20.47,Five,In stock
Christian Fiction,Close to You,49.46,Four,In stock
Christian Fiction,Shadows of the Past ...,39.67,Five,In stock
Christian Fiction,Like Never Before (Walker ...,28.77,Two,In stock
Christian Fiction,Counted With the Stars ...,17.97,Five,In stock
Christian Fiction,If I Run (If ...,49.97,Four,In stock
Business,The Dirty Little Secrets ...,33.34,Four,In stock
Business,The Third Wave: An ...,12.61,Five,In stock
Business,The 10% Entrepreneur: Live ...,27.55,Three,In stock
Business,Shoe Dog: A Memoir ...,23.99,Two,In stock
Business,Made to Stick: Why ...,38.85,Five,In stock
Business,Quench Your Own Thirst: ...,43.14,One,In stock
Business,The Art of Startup ...,21.00,Three,In stock
Business,Born for This: How ...,21.59,Five,In stock
Business,The E-Myth Revisited: Why ...,36.91,One,In stock
Business,"Rich Dad, Poor Dad",51.74,One,In stock
Business,The Lean Startup: How ...,33.92,Three,In stock
Business,Rework,44.88,Two,In stock
Biography,Louisa: The Extraordinary Life ...,16.85,Two,In stock
Biography,Setting the World on ...,21.15,Two,In stock
Biography,The Faith of Christopher ...,39.55,One,In stock
Biography,Benjamin Franklin: An American ...,48.19,Three,In stock
Biography,The Rise of Theodore ...,42.57,Three,In stock
Thriller,In Her Wake,12.84,One,In stock
Thriller,The Elephant Tree,23.82,Five,In stock
Thriller,Behind Closed Doors,52.22,Four,In stock
Thriller,You (You #1),43.61,Five,In stock
Thriller,The Guilty (Will Robie ...,13.82,Two,In stock
Thriller,The 14th Colony (Cotton ...,39.24,One,In stock
Thriller,Give It Back,18.32,Two,In stock
Thriller,Killing Floor (Jack Reacher ...,31.49,Four,In stock
Thriller,The Bone Hunters (Lexy ...,59.71,Three,In stock
Thriller,Far From True (Promise ...,34.93,Two,In stock
Thriller,The Travelers,15.77,One,In stock
Contemporary,When We Collided,31.77,One,In stock
Contemporary,Someone Like You (The ...,52.79,Five,In stock
Contemporary,We Are All Completely ...,24.04,One,In stock
Spirituality,The Four Agreements: A ...,17.66,Five,In stock
Spirituality,The Activist's Tao Te ...,32.24,Five,In stock
Spirituality,Chasing Heaven: What Dying ...,37.80,Two,In stock
Spirituality,If I Gave You ...,20.91,One,In stock
Spirituality,Unreasonable Hope: Finding Faith ...,46.33,Two,In stock
Spirituality,A New Earth: Awakening ...,55.65,Five,In stock
Academic,Logan Kade (Fallen Crest ...,13.12,Two,In stock
Self Help,Online Marketing for Busy ...,46.35,One,In stock
Self Help,How to Be Miserable: ...,46.03,One,In stock
Self Help,"Overload: How to Unplug, ...",52.15,Three,In stock
Self Help,You Are a Badass: ...,12.08,Three,In stock
Self Help,How to Stop Worrying ...,46.49,Five,In stock
Historical,All the Light We ...,29.87,Five,In stock
Historical,The Girl You Left ...,15.79,One,In stock
Christian,(Un)Qualified: How God Uses ...,54.00,Five,In stock
Christian,Crazy Love: Overwhelmed by ...,47.72,Two,In stock
Christian,Blue Like Jazz: Nonreligious ...,25.77,One,In stock
Suspense,Silence in the Dark ...,58.33,Three,In stock
Short Stories,The Grownup,35.88,One,In stock
Novels,Suzie Snowflake: One beautiful ...,54.81,Five,In stock
Health,The Bulletproof Diet: Lose ...,49.05,Three,In stock
Health,"Eat Fat, Get Thin",54.07,Two,In stock
Health,10-Day Green Smoothie Cleanse: ...,49.71,Five,In stock
Health,The Art and Science ...,52.98,Five,In stock
Politics,Libertarianism for Beginners,51.33,Two,In stock
Politics,Why the Right Went ...,52.65,Four,In stock
Politics,Equal Is Unfair: America's ...,56.86,One,In stock
Cultural,Amid the Chaos,36.58,One,In stock
Erotica,Dark Notes,19.19,Five,In stock
Crime,The Long Shadow of ...,10.97,One,In stock
